searched_company,job_title,company,link
HSBC,Intern,HSBC,https://my.linkedin.com/jobs/view/intern-at-hsbc-4387807322?position=1&pageNum=0&refId=XkVMsAGbml%2BlCal%2BdDP6oA%3D%3D&trackingId=AERH%2BTrv%2Fm%2Fs8JlEuhA7Tw%3D%3D
HSBC,"Internship, Communications and Strategic Branding",HSBC,https://vn.linkedin.com/jobs/view/internship-communications-and-strategic-branding-at-hsbc-4391538978?position=2&pageNum=0&refId=XkVMsAGbml%2BlCal%2BdDP6oA%3D%3D&trackingId=xaLu9ZjUxbZyoSQ4pOkV8g%3D%3D
HSBC,Communications Internship Programme,HSBC,https://id.linkedin.com/jobs/view/communications-internship-programme-at-hsbc-4392584489?position=3&pageNum=0&refId=XkVMsAGbml%2BlCal%2BdDP6oA%3D%3D&trackingId=csve%2B7r51VbRu4TNQUdHgQ%3D%3D
HSBC,"Internship, Financial Planning & Analysis, Business Finance",HSBC,https://vn.linkedin.com/jobs/view/internship-financial-planning-analysis-business-finance-at-hsbc-4391549745?position=4&pageNum=0&refId=XkVMsAGbml%2BlCal%2BdDP6oA%3D%3D&trackingId=zopyZK3qVzW%2Bt9zMcgvMbw%3D%3D
HSBC,Traded Risk Internship Programme,HSBC,https://id.linkedin.com/jobs/view/traded-risk-internship-programme-at-hsbc-4401314558?position=5&pageNum=0&refId=XkVMsAGbml%2BlCal%2BdDP6oA%3D%3D&trackingId=Pk1qbqKWSt%2BPDcs9I7Yb4A%3D%3D
HSBC,"Internship, Legal",HSBC,https://vn.linkedin.com/jobs/view/internship-legal-at-hsbc-4391543869?position=7&pageNum=0&refId=XkVMsAGbml%2BlCal%2BdDP6oA%3D%3D&trackingId=tkH3%2B9z8ltkfW6LICpXwbg%3D%3D
HSBC,"Internship, HR",HSBC,https://vn.linkedin.com/jobs/view/internship-hr-at-hsbc-4391558073?position=9&pageNum=0&refId=XkVMsAGbml%2BlCal%2BdDP6oA%3D%3D&trackingId=dYuyzqrOv1bn2TSpUeC9zQ%3D%3D
HSBC,"Internship, Financial Crime Investigation",HSBC,https://vn.linkedin.com/jobs/view/internship-financial-crime-investigation-at-hsbc-4391554256?position=10&pageNum=0&refId=XkVMsAGbml%2BlCal%2BdDP6oA%3D%3D&trackingId=MeitaMTE5KsJ%2B%2BchEryJaA%3D%3D
HSBC,"Internship, Procurement",HSBC,https://vn.linkedin.com/jobs/view/internship-procurement-at-hsbc-4391552322?position=11&pageNum=0&refId=XkVMsAGbml%2BlCal%2BdDP6oA%3D%3D&trackingId=AqhXWsTiYK9ecmQ7khRGrw%3D%3D
HSBC,Intern,HSBC,https://my.linkedin.com/jobs/view/intern-at-hsbc-4380324043?position=12&pageNum=0&refId=XkVMsAGbml%2BlCal%2BdDP6oA%3D%3D&trackingId=dsRU%2FxavHFblN0qTOLeadw%3D%3D
HSBC,"Internship, Corporate Services",HSBC,https://vn.linkedin.com/jobs/view/internship-corporate-services-at-hsbc-4391541886?position=13&pageNum=0&refId=XkVMsAGbml%2BlCal%2BdDP6oA%3D%3D&trackingId=2jRVuRgK1dl9%2FpKJdgSrJg%3D%3D
HSBC,Operations and IT Internship Programme,HSBC,https://id.linkedin.com/jobs/view/operations-and-it-internship-programme-at-hsbc-4390826156?position=14&pageNum=0&refId=XkVMsAGbml%2BlCal%2BdDP6oA%3D%3D&trackingId=Bz%2BrD%2BDs0TlYdZvQa3n92Q%3D%3D
HSBC,International Wealth and Personal Banking Internship Programme,HSBC,https://id.linkedin.com/jobs/view/international-wealth-and-personal-banking-internship-programme-at-hsbc-4390342860?position=15&pageNum=0&refId=XkVMsAGbml%2BlCal%2BdDP6oA%3D%3D&trackingId=8bBJAyA0KwWSHd08rnPH3Q%3D%3D
HSBC,"Internship, Finance Control",HSBC,https://vn.linkedin.com/jobs/view/internship-finance-control-at-hsbc-4391554260?position=16&pageNum=0&refId=XkVMsAGbml%2BlCal%2BdDP6oA%3D%3D&trackingId=vohlcUSdnhZ8X9tWGh2zag%3D%3D
HSBC,"Internship, Global Payment Solutions (South)",HSBC,https://vn.linkedin.com/jobs/view/internship-global-payment-solutions-south-at-hsbc-4391553306?position=17&pageNum=0&refId=XkVMsAGbml%2BlCal%2BdDP6oA%3D%3D&trackingId=eOVNyzt78FVfwxTup%2BxZWA%3D%3D
HSBC,"Internship, Direct Custody & Clearing Operations",HSBC,https://vn.linkedin.com/jobs/view/internship-direct-custody-clearing-operations-at-hsbc-4391558072?position=18&pageNum=0&refId=XkVMsAGbml%2BlCal%2BdDP6oA%3D%3D&trackingId=rnbrTu7FNUDNIWXrO4JH9g%3D%3D
HSBC,"Internship, Risk and Compliance",HSBC,https://vn.linkedin.com/jobs/view/internship-risk-and-compliance-at-hsbc-4391556125?position=19&pageNum=0&refId=XkVMsAGbml%2BlCal%2BdDP6oA%3D%3D&trackingId=DBCgfov1Zgv2YiNqNsx75Q%3D%3D
HSBC,"Internship, IT",HSBC,https://vn.linkedin.com/jobs/view/internship-it-at-hsbc-4391548780?position=20&pageNum=0&refId=XkVMsAGbml%2BlCal%2BdDP6oA%3D%3D&trackingId=oa8Vw0H8UxA1zc6m%2Bi4Uxw%3D%3D
HSBC,"Internship, International Mid Market (South)",HSBC,https://vn.linkedin.com/jobs/view/internship-international-mid-market-south-at-hsbc-4391552320?position=21&pageNum=0&refId=XkVMsAGbml%2BlCal%2BdDP6oA%3D%3D&trackingId=YiwX%2BrsC3u4W8HBARqahZg%3D%3D
HSBC,"Internship, Risk Analyst Unit (North)",HSBC,https://vn.linkedin.com/jobs/view/internship-risk-analyst-unit-north-at-hsbc-4391542872?position=22&pageNum=0&refId=XkVMsAGbml%2BlCal%2BdDP6oA%3D%3D&trackingId=XtvSSuIGVtT5xKPUuLPgrg%3D%3D
HSBC,"Internship, Operations Support (Policy Management)",Allianz Malaysia,https://my.linkedin.com/jobs/view/internship-operations-support-policy-management-at-allianz-malaysia-4382967087?position=23&pageNum=0&refId=XkVMsAGbml%2BlCal%2BdDP6oA%3D%3D&trackingId=%2FFpP1op6zI%2FH6ePpEcOVtg%3D%3D
HSBC,Legal Intern,HSBC,https://ph.linkedin.com/jobs/view/legal-intern-at-hsbc-4399245356?position=24&pageNum=0&refId=XkVMsAGbml%2BlCal%2BdDP6oA%3D%3D&trackingId=84tySVXd96eHjRf2l6gMcg%3D%3D
HSBC,"Internship, Global Trade Solutions",HSBC,https://vn.linkedin.com/jobs/view/internship-global-trade-solutions-at-hsbc-4391542871?position=25&pageNum=0&refId=XkVMsAGbml%2BlCal%2BdDP6oA%3D%3D&trackingId=mJana4bEj4yqGAGXJXej7A%3D%3D
HSBC,"Internship, Global Markets Operations (GMO)",HSBC,https://vn.linkedin.com/jobs/view/internship-global-markets-operations-gmo-at-hsbc-4391545833?position=26&pageNum=0&refId=XkVMsAGbml%2BlCal%2BdDP6oA%3D%3D&trackingId=bfvFSXwnSMQKQbcAgHBCkg%3D%3D
HSBC,"Internship, Global Network Banking (South)",HSBC,https://vn.linkedin.com/jobs/view/internship-global-network-banking-south-at-hsbc-4391545832?position=27&pageNum=0&refId=XkVMsAGbml%2BlCal%2BdDP6oA%3D%3D&trackingId=rOhcaQ0q4m7VKT5zn2tSXw%3D%3D
HSBC,"Student Apprenticeship Programme, Premier Proposition (Internship)",HSBC,https://my.linkedin.com/jobs/view/student-apprenticeship-programme-premier-proposition-internship-at-hsbc-4400392813?position=28&pageNum=0&refId=XkVMsAGbml%2BlCal%2BdDP6oA%3D%3D&trackingId=mpxlX9aDQ8s8VlN3FdzhFw%3D%3D
HSBC,Intern - Associate Corporate Relationship Manager Support,HSBC,https://cz.linkedin.com/jobs/view/intern-associate-corporate-relationship-manager-support-at-hsbc-4398528141?position=29&pageNum=0&refId=XkVMsAGbml%2BlCal%2BdDP6oA%3D%3D&trackingId=CmWf2XA7IEn55JrRez%2FvjQ%3D%3D
HSBC,"Internal Auditor – Regulatory Compliance, Conduct and Legal",HSBC,https://www.linkedin.com/jobs/view/internal-auditor-%E2%80%93-regulatory-compliance-conduct-and-legal-at-hsbc-4396374574?position=30&pageNum=0&refId=XkVMsAGbml%2BlCal%2BdDP6oA%3D%3D&trackingId=Waaqd86a1z02IUtTcePVOw%3D%3D
HSBC,"Student Apprenticeship Programme, Unit Trust (Internship)",HSBC,https://my.linkedin.com/jobs/view/student-apprenticeship-programme-unit-trust-internship-at-hsbc-4402941005?position=31&pageNum=0&refId=XkVMsAGbml%2BlCal%2BdDP6oA%3D%3D&trackingId=nNHpnGaiuQzCTgtF9n3Umw%3D%3D
HSBC,Sales Development Representative (Internship) - Amsterdam,Univers,https://nl.linkedin.com/jobs/view/sales-development-representative-internship-amsterdam-at-univers-4366099188?position=32&pageNum=0&refId=XkVMsAGbml%2BlCal%2BdDP6oA%3D%3D&trackingId=5t3%2FNcjXy%2Bkvodeq0v5mgQ%3D%3D
HSBC,"Internship, Global Corporates (North)",HSBC,https://vn.linkedin.com/jobs/view/internship-global-corporates-north-at-hsbc-4391542870?position=34&pageNum=0&refId=XkVMsAGbml%2BlCal%2BdDP6oA%3D%3D&trackingId=BvOmbx7n7WXLLqsUJ2xXjw%3D%3D
HSBC,"Internship, Securities Services (North)",HSBC,https://vn.linkedin.com/jobs/view/internship-securities-services-north-at-hsbc-4391554257?position=35&pageNum=0&refId=XkVMsAGbml%2BlCal%2BdDP6oA%3D%3D&trackingId=G5nzHipADf9Afcn2zY8TcQ%3D%3D
HSBC,"Internship, Global Network Banking (North)",HSBC,https://vn.linkedin.com/jobs/view/internship-global-network-banking-north-at-hsbc-4391539899?position=36&pageNum=0&refId=XkVMsAGbml%2BlCal%2BdDP6oA%3D%3D&trackingId=4f%2FnidY9WeJdX%2FcoctNPcA%3D%3D
HSBC,"Student Apprenticeship Programme, Marketing (Internship)",HSBC,https://my.linkedin.com/jobs/view/student-apprenticeship-programme-marketing-internship-at-hsbc-4395247201?position=37&pageNum=0&refId=XkVMsAGbml%2BlCal%2BdDP6oA%3D%3D&trackingId=9eZbM1fx56scf8GF9axToQ%3D%3D
HSBC,Calling Law Students in Mexico: Summer Internship 2026,HSBC,https://mx.linkedin.com/jobs/view/calling-law-students-in-mexico-summer-internship-2026-at-hsbc-4401013842?position=39&pageNum=0&refId=XkVMsAGbml%2BlCal%2BdDP6oA%3D%3D&trackingId=BbfoqCCrYNOKfnRbnAZsaQ%3D%3D
HSBC,"Student Apprenticeship Programme, Amanah (Internship)",HSBC,https://my.linkedin.com/jobs/view/student-apprenticeship-programme-amanah-internship-at-hsbc-4395289315?position=40&pageNum=0&refId=XkVMsAGbml%2BlCal%2BdDP6oA%3D%3D&trackingId=Ieckr3T7pQ8rMhU7DvtLSQ%3D%3D
HSBC,Talent Acquisition Intern (with PPO),Mirus Opportunities,https://in.linkedin.com/jobs/view/talent-acquisition-intern-with-ppo-at-mirus-opportunities-4401443180?position=41&pageNum=0&refId=XkVMsAGbml%2BlCal%2BdDP6oA%3D%3D&trackingId=602MJ9GsOnLT7NMTTfjtew%3D%3D
HSBC,Sales Development Intern (Munich) - German speaker,Univers,https://de.linkedin.com/jobs/view/sales-development-intern-munich-german-speaker-at-univers-4368428411?position=42&pageNum=0&refId=XkVMsAGbml%2BlCal%2BdDP6oA%3D%3D&trackingId=gpjVpSK%2F7aPEjb0s2tmUGA%3D%3D
HSBC,Internship - CRM & Digital Marketing - Romanian Speaker (Based in Paris),Numberly,https://ro.linkedin.com/jobs/view/internship-crm-digital-marketing-romanian-speaker-based-in-paris-at-numberly-4385749572?position=43&pageNum=0&refId=XkVMsAGbml%2BlCal%2BdDP6oA%3D%3D&trackingId=xdmELzoOAmkTNibUY0jh4g%3D%3D
HSBC,Internship - CRM & Digital Marketing - German Speaker (Based in Paris),Numberly,https://de.linkedin.com/jobs/view/internship-crm-digital-marketing-german-speaker-based-in-paris-at-numberly-4381706827?position=44&pageNum=0&refId=XkVMsAGbml%2BlCal%2BdDP6oA%3D%3D&trackingId=b8CFMnEHotb1%2FK7bMCq1qA%3D%3D
Barclays,Public Finance Analyst Summer Internship Program 2027 New York,Barclays,https://www.linkedin.com/jobs/view/public-finance-analyst-summer-internship-program-2027-new-york-at-barclays-4397579710?position=1&pageNum=0&refId=Vy1Ut%2FJhuiF4J2xgioUeKg%3D%3D&trackingId=vxHFszzZtavbcAmwBD1tJQ%3D%3D
Barclays,"Sales, Trading and Structuring Off Cycle Internship Programme 2026 Paris",Barclays,https://fr.linkedin.com/jobs/view/sales-trading-and-structuring-off-cycle-internship-programme-2026-paris-at-barclays-4294797365?position=2&pageNum=0&refId=Vy1Ut%2FJhuiF4J2xgioUeKg%3D%3D&trackingId=AIQMfjSjYZNM4a1eiStTyA%3D%3D
Barclays,Strategy & Operations Intern (Summer 2026),Farsight,https://www.linkedin.com/jobs/view/strategy-operations-intern-summer-2026-at-farsight-4389933426?position=3&pageNum=0&refId=Vy1Ut%2FJhuiF4J2xgioUeKg%3D%3D&trackingId=TaC6uuWfHK3jbrk%2FRSzFwg%3D%3D
Barclays,Banking Analyst Summer Internship Program 2026 Mexico City,Barclays Investment Bank,https://mx.linkedin.com/jobs/view/banking-analyst-summer-internship-program-2026-mexico-city-at-barclays-investment-bank-4355231246?position=4&pageNum=0&refId=Vy1Ut%2FJhuiF4J2xgioUeKg%3D%3D&trackingId=3333abR88jnEFOm1CcIBDA%3D%3D
Barclays,Public Finance Analyst Summer Internship Program 2027 New York,ACCA Careers,https://www.linkedin.com/jobs/view/public-finance-analyst-summer-internship-program-2027-new-york-at-acca-careers-4397790516?position=5&pageNum=0&refId=Vy1Ut%2FJhuiF4J2xgioUeKg%3D%3D&trackingId=wVyKTXNKa5sB2uRf%2F4EsgQ%3D%3D
Barclays,Curatorial Internship,Brooklyn Sports & Entertainment,https://www.linkedin.com/jobs/view/curatorial-internship-at-brooklyn-sports-entertainment-4398994922?position=6&pageNum=0&refId=Vy1Ut%2FJhuiF4J2xgioUeKg%3D%3D&trackingId=XqomGO%2F3TBSUSR61k1MMSw%3D%3D
Barclays,Public Finance Analyst Summer Internship Program 2027 New York,hackajob,https://www.linkedin.com/jobs/view/public-finance-analyst-summer-internship-program-2027-new-york-at-hackajob-4394427149?position=8&pageNum=0&refId=Vy1Ut%2FJhuiF4J2xgioUeKg%3D%3D&trackingId=S9dpUGXTRbzBFqlYdTCM8g%3D%3D
Barclays,"Internship and Career Coordinator / Coach, Barclays Program",Good Shepherd Services,https://www.linkedin.com/jobs/view/internship-and-career-coordinator-coach-barclays-program-at-good-shepherd-services-4378747707?position=9&pageNum=0&refId=Vy1Ut%2FJhuiF4J2xgioUeKg%3D%3D&trackingId=tKX%2FdkeGhsZVmxl1pnVrjw%3D%3D
Barclays,Sales Intern,Occams Advisory,https://in.linkedin.com/jobs/view/sales-intern-at-occams-advisory-4392406149?position=11&pageNum=0&refId=Vy1Ut%2FJhuiF4J2xgioUeKg%3D%3D&trackingId=niZQjvQvicP3HsSoI1wc8A%3D%3D
Barclays,2026 Summer Internship - Recovery Operations & Project Coordination Intern,Best Egg,https://www.linkedin.com/jobs/view/2026-summer-internship-recovery-operations-project-coordination-intern-at-best-egg-4399436940?position=13&pageNum=0&refId=Vy1Ut%2FJhuiF4J2xgioUeKg%3D%3D&trackingId=J50P1D69Av%2BWH4wAfrUc6w%3D%3D
Barclays,2026 Strategic Insights Summer Analyst,Financial Technology Partners / FT Partners,https://www.linkedin.com/jobs/view/2026-strategic-insights-summer-analyst-at-financial-technology-partners-ft-partners-4378114551?position=14&pageNum=0&refId=Vy1Ut%2FJhuiF4J2xgioUeKg%3D%3D&trackingId=R86RpebQqMWYQbPCpzznsg%3D%3D
Barclays,2026 Summer Internship - Back Office Operations & Process Improvement Intern,Best Egg,https://www.linkedin.com/jobs/view/2026-summer-internship-back-office-operations-process-improvement-intern-at-best-egg-4399441751?position=15&pageNum=0&refId=Vy1Ut%2FJhuiF4J2xgioUeKg%3D%3D&trackingId=Uv004AwW09XSDhkTXpUbVw%3D%3D
Barclays,2026 Sponsor Coverage Summer Analyst,Financial Technology Partners / FT Partners,https://www.linkedin.com/jobs/view/2026-sponsor-coverage-summer-analyst-at-financial-technology-partners-ft-partners-4385070600?position=16&pageNum=0&refId=Vy1Ut%2FJhuiF4J2xgioUeKg%3D%3D&trackingId=X%2FuyXdoqMcilPAzCWvymMQ%3D%3D
Barclays,Veterinary Internist,EVG Specialty Network,https://www.linkedin.com/jobs/view/veterinary-internist-at-evg-specialty-network-4334970562?position=17&pageNum=0&refId=Vy1Ut%2FJhuiF4J2xgioUeKg%3D%3D&trackingId=CE%2FTFxLJAO8iiMqkPjquug%3D%3D
Unilever,Unilever Leadership Internship Program - Research & Development,Unilever,https://pk.linkedin.com/jobs/view/unilever-leadership-internship-program-research-development-at-unilever-4401721551?position=1&pageNum=0&refId=nx3yMNJJxv4IM2Eu5rbCKQ%3D%3D&trackingId=IwUITRY9jfHgh3wg3ttEKA%3D%3D
Unilever,Unilever Leadership Internship Program - Legal,Unilever,https://pk.linkedin.com/jobs/view/unilever-leadership-internship-program-legal-at-unilever-4401727339?position=2&pageNum=0&refId=nx3yMNJJxv4IM2Eu5rbCKQ%3D%3D&trackingId=CI5EfC3a98SqtNTnA7w4PQ%3D%3D
Unilever,Unilever Leadership Internship Program - Marketing,Unilever,https://pk.linkedin.com/jobs/view/unilever%C2%A0leadership-internship-program-marketing-at-unilever-4401723478?position=3&pageNum=0&refId=nx3yMNJJxv4IM2Eu5rbCKQ%3D%3D&trackingId=oY1r1o2VhXz6h%2Fa7Oarylw%3D%3D
Unilever,Unilever Leadership Internship Program - Human Resources,Unilever,https://pk.linkedin.com/jobs/view/unilever-leadership-internship-program-human-resources-at-unilever-4401709994?position=4&pageNum=0&refId=nx3yMNJJxv4IM2Eu5rbCKQ%3D%3D&trackingId=Sr%2FgkhyDYRcto2KltcooOg%3D%3D
Unilever,Unilever Leadership Internship Program - Finance,Unilever,https://pk.linkedin.com/jobs/view/unilever%C2%A0leadership-internship-program-finance-at-unilever-4401728322?position=5&pageNum=0&refId=nx3yMNJJxv4IM2Eu5rbCKQ%3D%3D&trackingId=llVXGI9TiCdDBn8uiZVY7g%3D%3D
Unilever,Unilever Leadership Internship Program - Supply Chain,Unilever,https://pk.linkedin.com/jobs/view/unilever%C2%A0leadership-internship-program-supply-chain-at-unilever-4401732050?position=6&pageNum=0&refId=nx3yMNJJxv4IM2Eu5rbCKQ%3D%3D&trackingId=%2BVEZYHb2LwR7cObcTXyPBQ%3D%3D
Unilever,Unilever Leadership Internship Program - Information Technology (IT),Unilever,https://pk.linkedin.com/jobs/view/unilever-leadership-internship-program-information-technology-it-at-unilever-4402030574?position=7&pageNum=0&refId=nx3yMNJJxv4IM2Eu5rbCKQ%3D%3D&trackingId=AqXO2egzCeDrJL3%2BPhyR0A%3D%3D
Unilever,Unilever Leadership Internship Program - Customer Development,Unilever,https://pk.linkedin.com/jobs/view/unilever-leadership-internship-program-customer-development-at-unilever-4401729274?position=8&pageNum=0&refId=nx3yMNJJxv4IM2Eu5rbCKQ%3D%3D&trackingId=3TsMMumMf2bQyTHRkceZow%3D%3D
Unilever,Unilever Internship – Business Week – Research & Development,Unilever,https://ph.linkedin.com/jobs/view/unilever-internship-%E2%80%93-business-week-%E2%80%93-research-development-at-unilever-4401712924?position=9&pageNum=0&refId=nx3yMNJJxv4IM2Eu5rbCKQ%3D%3D&trackingId=RYsS7YoRvVaGN%2BMHJyjGTA%3D%3D
Unilever,Unilever Internship – Business Week – Marketing,Unilever,https://ph.linkedin.com/jobs/view/unilever-internship-%E2%80%93-business-week-%E2%80%93-marketing-at-unilever-4401717843?position=10&pageNum=0&refId=nx3yMNJJxv4IM2Eu5rbCKQ%3D%3D&trackingId=JuhSQFqZS%2Buxk9zV%2BiRq6g%3D%3D
Unilever,Internship Data Analytics,Unilever,https://be.linkedin.com/jobs/view/internship-data-analytics-at-unilever-4401728316?position=11&pageNum=0&refId=nx3yMNJJxv4IM2Eu5rbCKQ%3D%3D&trackingId=S7YvdTOIaRTstL4RiikT1A%3D%3D
Unilever,Unilever Internship – Business Week – Supply Chain,Unilever,https://ph.linkedin.com/jobs/view/unilever-internship-%E2%80%93-business-week-%E2%80%93-supply-chain-at-unilever-4401712925?position=12&pageNum=0&refId=nx3yMNJJxv4IM2Eu5rbCKQ%3D%3D&trackingId=8k77BzU4ZzP2MwQZTOL0nA%3D%3D
Unilever,Unilever Internship – Business Week – Human Resource,Unilever,https://ph.linkedin.com/jobs/view/unilever-internship-%E2%80%93-business-week-%E2%80%93-human-resource-at-unilever-4401720608?position=13&pageNum=0&refId=nx3yMNJJxv4IM2Eu5rbCKQ%3D%3D&trackingId=x5IUOayUQX%2Fdrc0g7rlO5Q%3D%3D
Unilever,Unilever Internship – Business Week – Global Business Services (GBS) & Global Digital and Technology (GDT),Unilever,https://ph.linkedin.com/jobs/view/unilever-internship-%E2%80%93-business-week-%E2%80%93-global-business-services-gbs-global-digital-and-technology-gdt-at-unilever-4401709993?position=14&pageNum=0&refId=nx3yMNJJxv4IM2Eu5rbCKQ%3D%3D&trackingId=WVThNAucLZEaXZTEXKnT3A%3D%3D
Unilever,Unilever Internship – Business Week – Finance,Unilever,https://ph.linkedin.com/jobs/view/unilever-internship-%E2%80%93-business-week-%E2%80%93-finance-at-unilever-4401733017?position=15&pageNum=0&refId=nx3yMNJJxv4IM2Eu5rbCKQ%3D%3D&trackingId=2WUzeUGlkHUP526fIqdkiA%3D%3D
Unilever,Unilever Internship – Business Week – Customer Development,Unilever,https://ph.linkedin.com/jobs/view/unilever-internship-%E2%80%93-business-week-%E2%80%93-customer-development-at-unilever-4401715938?position=16&pageNum=0&refId=nx3yMNJJxv4IM2Eu5rbCKQ%3D%3D&trackingId=lFuq%2F5n6t40U6Xv2ahPRVA%3D%3D
Unilever,Unilever Internship – Business Week – Unilever Food Solutions,Unilever,https://ph.linkedin.com/jobs/view/unilever-internship-%E2%80%93-business-week-%E2%80%93-unilever-food-solutions-at-unilever-4401729269?position=17&pageNum=0&refId=nx3yMNJJxv4IM2Eu5rbCKQ%3D%3D&trackingId=zOHUEnQpFQxiAxckWtZZCw%3D%3D
Unilever,Internship Marketing,Unilever,https://be.linkedin.com/jobs/view/internship-marketing-at-unilever-4401716870?position=18&pageNum=0&refId=nx3yMNJJxv4IM2Eu5rbCKQ%3D%3D&trackingId=eBpiJlJvmGWTr2%2FXrq6Yiw%3D%3D
Unilever,Internship Digital Marketing,Unilever,https://be.linkedin.com/jobs/view/internship-digital-marketing-at-unilever-4401712920?position=19&pageNum=0&refId=nx3yMNJJxv4IM2Eu5rbCKQ%3D%3D&trackingId=8updz9pj77B7KS8HzDV8sw%3D%3D
Unilever,Local Marketing Intern,Unilever,https://hn.linkedin.com/jobs/view/local-marketing-intern-at-unilever-4401733019?position=20&pageNum=0&refId=nx3yMNJJxv4IM2Eu5rbCKQ%3D%3D&trackingId=AY9zCQJXSdgAfEd10ojKYQ%3D%3D
Unilever,Internship Category Management,Unilever,https://be.linkedin.com/jobs/view/internship-category-management-at-unilever-4401715934?position=21&pageNum=0&refId=nx3yMNJJxv4IM2Eu5rbCKQ%3D%3D&trackingId=hHXiEvYje%2BsDs%2FnaO9WHtA%3D%3D
Unilever,Intern: Supply Planning,Dermalogica,https://www.linkedin.com/jobs/view/intern-supply-planning-at-dermalogica-4391910546?position=22&pageNum=0&refId=nx3yMNJJxv4IM2Eu5rbCKQ%3D%3D&trackingId=EkAhfFwNtSo15pNZtlBnnw%3D%3D
Unilever,CDO Intern,Unilever,https://sv.linkedin.com/jobs/view/cdo-intern-at-unilever-4401733020?position=23&pageNum=0&refId=nx3yMNJJxv4IM2Eu5rbCKQ%3D%3D&trackingId=8EzZrOu%2FmL8DIyeApekF8w%3D%3D
Unilever,Internship European External Affairs,Unilever,https://be.linkedin.com/jobs/view/internship-european-external-affairs-at-unilever-4401733015?position=24&pageNum=0&refId=nx3yMNJJxv4IM2Eu5rbCKQ%3D%3D&trackingId=lh2r1TVCzYqINj31ndf%2Bvw%3D%3D
Unilever,Regional Marketing Intern,Unilever,https://cr.linkedin.com/jobs/view/regional-marketing-intern-at-unilever-4401708985?position=25&pageNum=0&refId=nx3yMNJJxv4IM2Eu5rbCKQ%3D%3D&trackingId=MminrdUfq%2FZy8B0YQg37Xg%3D%3D
Unilever,SHE intern,Unilever,https://sv.linkedin.com/jobs/view/she-intern-at-unilever-4401716875?position=26&pageNum=0&refId=nx3yMNJJxv4IM2Eu5rbCKQ%3D%3D&trackingId=6HBEFXa1UtxkEOehbCE7hA%3D%3D
Unilever,Local Marketing Intern,Unilever,https://sv.linkedin.com/jobs/view/local-marketing-intern-at-unilever-4401731103?position=27&pageNum=0&refId=nx3yMNJJxv4IM2Eu5rbCKQ%3D%3D&trackingId=LjThhemrK6pgy5R6b18hwA%3D%3D
Unilever,Regional Marketing Intern,Unilever,https://sv.linkedin.com/jobs/view/regional-marketing-intern-at-unilever-4401733022?position=28&pageNum=0&refId=nx3yMNJJxv4IM2Eu5rbCKQ%3D%3D&trackingId=Ny%2BK9Yb9hvPI8cBgQPuy5w%3D%3D
Unilever,Local Marketing Intern,Unilever,https://ni.linkedin.com/jobs/view/local-marketing-intern-at-unilever-4401713951?position=30&pageNum=0&refId=nx3yMNJJxv4IM2Eu5rbCKQ%3D%3D&trackingId=LreVOa5M13YxWQMICbmHig%3D%3D
Unilever,Accelerator Programme: HR Internship - Pakistan,The Magnum Ice Cream Company,https://pk.linkedin.com/jobs/view/accelerator-programme-hr-internship-pakistan-at-the-magnum-ice-cream-company-4398153337?position=31&pageNum=0&refId=nx3yMNJJxv4IM2Eu5rbCKQ%3D%3D&trackingId=8UxSPS7EGMyCcapHxQP2OQ%3D%3D
Unilever,Internship Sales,Unilever,https://be.linkedin.com/jobs/view/internship-sales-at-unilever-4401723473?position=32&pageNum=0&refId=nx3yMNJJxv4IM2Eu5rbCKQ%3D%3D&trackingId=u1wt5BXFEeHkHq6hDuOwTg%3D%3D
Unilever,Customer Development Internship - 2026,Unilever,https://sa.linkedin.com/jobs/view/customer-development-internship-2026-at-unilever-4401727331?position=34&pageNum=0&refId=nx3yMNJJxv4IM2Eu5rbCKQ%3D%3D&trackingId=X6n5M0E6boyPQY38Ndwvag%3D%3D
Unilever,Regional Marketing Intern,Unilever,https://sv.linkedin.com/jobs/view/regional-marketing-intern-at-unilever-4401716871?position=35&pageNum=0&refId=nx3yMNJJxv4IM2Eu5rbCKQ%3D%3D&trackingId=PymoKL%2BH9UmOawzPDs6iOw%3D%3D
Unilever,Accelerator Programme: Customer Development Internship - Pakistan,The Magnum Ice Cream Company,https://pk.linkedin.com/jobs/view/accelerator-programme-customer-development-internship-pakistan-at-the-magnum-ice-cream-company-4398144483?position=38&pageNum=0&refId=nx3yMNJJxv4IM2Eu5rbCKQ%3D%3D&trackingId=XymGZyuDjTdR16GScD7q2Q%3D%3D
Unilever,Accelerator Programme: Marketing Internship - Pakistan,The Magnum Ice Cream Company,https://pk.linkedin.com/jobs/view/accelerator-programme-marketing-internship-pakistan-at-the-magnum-ice-cream-company-4398147468?position=39&pageNum=0&refId=nx3yMNJJxv4IM2Eu5rbCKQ%3D%3D&trackingId=Vw5Bm0MqaRxjUA2ve8DeuQ%3D%3D
Unilever,Accelerator Programme: Customer Development Internship - Pakistan,The Magnum Ice Cream Company,https://pk.linkedin.com/jobs/view/accelerator-programme-customer-development-internship-pakistan-at-the-magnum-ice-cream-company-4398134546?position=40&pageNum=0&refId=nx3yMNJJxv4IM2Eu5rbCKQ%3D%3D&trackingId=o8G%2Fulufo0kGqBLi4FoA6Q%3D%3D
Unilever,B.Sc/M.Sc Graduates from WEST BENGAL Only: SigiloTech’s Paid Internship-to-Full-Time Opportunity!,SigiloTech,https://in.linkedin.com/jobs/view/b-sc-m-sc-graduates-from-west-bengal-only-sigilotech%E2%80%99s-paid-internship-to-full-time-opportunity%21-at-sigilotech-4400700762?position=41&pageNum=0&refId=nx3yMNJJxv4IM2Eu5rbCKQ%3D%3D&trackingId=voDH9b7UeRiK%2BIyc8EYu8w%3D%3D
Unilever,Accelerator Programme: Customer Development Internship - Pakistan,The Magnum Ice Cream Company,https://pk.linkedin.com/jobs/view/accelerator-programme-customer-development-internship-pakistan-at-the-magnum-ice-cream-company-4398150434?position=42&pageNum=0&refId=nx3yMNJJxv4IM2Eu5rbCKQ%3D%3D&trackingId=pJhXZS1nrZ853mu%2FjKMfow%3D%3D
Unilever,Consumer Insights Intern,The Magnum Ice Cream Company,https://tr.linkedin.com/jobs/view/consumer-insights-intern-at-the-magnum-ice-cream-company-4398152392?position=44&pageNum=0&refId=nx3yMNJJxv4IM2Eu5rbCKQ%3D%3D&trackingId=KXEEI5aJ8rLl7xAMyzAv2Q%3D%3D
Unilever,Creator Partnerships Intern,Agentio,https://www.linkedin.com/jobs/view/creator-partnerships-intern-at-agentio-4345639800?position=45&pageNum=0&refId=nx3yMNJJxv4IM2Eu5rbCKQ%3D%3D&trackingId=C5Movb0M8jS41loA7YmzjA%3D%3D
Unilever,Ice Cream Intern,The Magnum Ice Cream Company,https://it.linkedin.com/jobs/view/ice-cream-intern-at-the-magnum-ice-cream-company-4376767068?position=46&pageNum=0&refId=nx3yMNJJxv4IM2Eu5rbCKQ%3D%3D&trackingId=ir5EznIOlqWMc%2BjyuiR1hg%3D%3D
Unilever,Accelerator Programme: Customer Development Internship - Pakistan,The Magnum Ice Cream Company,https://pk.linkedin.com/jobs/view/accelerator-programme-customer-development-internship-pakistan-at-the-magnum-ice-cream-company-4398133589?position=47&pageNum=0&refId=nx3yMNJJxv4IM2Eu5rbCKQ%3D%3D&trackingId=Zr1fUGPAIncvFm9bU4gJyg%3D%3D
Unilever,Working Internship – Sustainability Strategy & Consulting,Accenture the Netherlands,https://nl.linkedin.com/jobs/view/working-internship-%E2%80%93-sustainability-strategy-consulting-at-accenture-the-netherlands-4397633142?position=49&pageNum=0&refId=nx3yMNJJxv4IM2Eu5rbCKQ%3D%3D&trackingId=4E13orQeT1Qd4BQB6T6%2FzQ%3D%3D
Unilever,Accelerator Programme: Supply Chain (Non-Manufacturing) Internship - Pakistan,The Magnum Ice Cream Company,https://pk.linkedin.com/jobs/view/accelerator-programme-supply-chain-non-manufacturing-internship-pakistan-at-the-magnum-ice-cream-company-4398133590?position=50&pageNum=0&refId=nx3yMNJJxv4IM2Eu5rbCKQ%3D%3D&trackingId=eeNXuEQzLzIEFvRO75MA2A%3D%3D
Unilever,Accelerator Programme: Customer Development Internship - Pakistan,The Magnum Ice Cream Company,https://pk.linkedin.com/jobs/view/accelerator-programme-customer-development-internship-pakistan-at-the-magnum-ice-cream-company-4398148473?position=51&pageNum=0&refId=nx3yMNJJxv4IM2Eu5rbCKQ%3D%3D&trackingId=kezCNMCX5cPDje0onjVQvA%3D%3D
Unilever,Engineering Internship,Conveo,https://be.linkedin.com/jobs/view/engineering-internship-at-conveo-4386964162?position=52&pageNum=0&refId=nx3yMNJJxv4IM2Eu5rbCKQ%3D%3D&trackingId=PONHws4h795aG0lnbePR2w%3D%3D
Unilever,Accelerator Programme: Supply Chain (Manufacturing) Internship - Pakistan,The Magnum Ice Cream Company,https://pk.linkedin.com/jobs/view/accelerator-programme-supply-chain-manufacturing-internship-pakistan-at-the-magnum-ice-cream-company-4398152390?position=53&pageNum=0&refId=nx3yMNJJxv4IM2Eu5rbCKQ%3D%3D&trackingId=0Av3qXWD9QE5w%2FOok9JvSg%3D%3D
Unilever,Accelerator Programme: Customer Development Internship - Pakistan,The Magnum Ice Cream Company,https://pk.linkedin.com/jobs/view/accelerator-programme-customer-development-internship-pakistan-at-the-magnum-ice-cream-company-4398137555?position=54&pageNum=0&refId=nx3yMNJJxv4IM2Eu5rbCKQ%3D%3D&trackingId=fvrzrtfHyu6Tyopizpo3Cg%3D%3D
Unilever,"Intern Program 2026 | Marketing, Strategy & Communications",The Magnum Ice Cream Company,https://mx.linkedin.com/jobs/view/intern-program-2026-marketing-strategy-communications-at-the-magnum-ice-cream-company-4393823492?position=55&pageNum=0&refId=nx3yMNJJxv4IM2Eu5rbCKQ%3D%3D&trackingId=qUOtgtxCJH3cL14SD3Bg0g%3D%3D
Unilever,Accelerator Programme: Finance Internship - Pakistan,The Magnum Ice Cream Company,https://www.linkedin.com/jobs/view/accelerator-programme-finance-internship-pakistan-at-the-magnum-ice-cream-company-4398153338?position=56&pageNum=0&refId=nx3yMNJJxv4IM2Eu5rbCKQ%3D%3D&trackingId=NuS239nZGrLb6FnVtZabWA%3D%3D
Unilever,SHE GTM Intern,Unilever,https://cr.linkedin.com/jobs/view/she-gtm-intern-at-unilever-4401714865?position=57&pageNum=0&refId=nx3yMNJJxv4IM2Eu5rbCKQ%3D%3D&trackingId=LEFCPJjBw%2F7gG%2BWeEKAnkw%3D%3D
Unilever,GTM Associate - Internship,Conveo,https://be.linkedin.com/jobs/view/gtm-associate-internship-at-conveo-4387482503?position=58&pageNum=0&refId=nx3yMNJJxv4IM2Eu5rbCKQ%3D%3D&trackingId=vanrMl22%2FEgb8k51FmHSsw%3D%3D
Unilever,Accelerator Programme: Supply Chain (Non-Manufacturing) Internship - Pakistan,The Magnum Ice Cream Company,https://pk.linkedin.com/jobs/view/accelerator-programme-supply-chain-non-manufacturing-internship-pakistan-at-the-magnum-ice-cream-company-4398138476?position=60&pageNum=0&refId=nx3yMNJJxv4IM2Eu5rbCKQ%3D%3D&trackingId=1OUnaAxGpiPNAoqw%2BSWE8A%3D%3D
Shell,Software Engineer Intern,Visa,https://uk.linkedin.com/jobs/view/software-engineer-intern-at-visa-4390171208?position=2&pageNum=0&refId=KBq0psmaeqC%2BATc8uu8vlw%3D%3D&trackingId=W0i1HGeaZqwabgoE%2FJTstQ%3D%3D
Shell,(General Hire) Machine Learning Engineer Intern (TikTok-Recommendation) - 2026 Summer (BS/MS),TikTok,https://www.linkedin.com/jobs/view/general-hire-machine-learning-engineer-intern-tiktok-recommendation-2026-summer-bs-ms-at-tiktok-4273285373?position=3&pageNum=0&refId=KBq0psmaeqC%2BATc8uu8vlw%3D%3D&trackingId=bJONr%2BOlbk3sOj6XXYJieg%3D%3D
Shell,Software Development Engineer Intern (IIoT) (49550),Headway Technologies,https://www.linkedin.com/jobs/view/software-development-engineer-intern-iiot-49550-at-headway-technologies-4372781180?position=6&pageNum=0&refId=KBq0psmaeqC%2BATc8uu8vlw%3D%3D&trackingId=X%2BWltJP7wRpcTZJ2aoO%2BPQ%3D%3D
Shell,Shell Assessed Internship Program 2026 - China,Shell,https://cn.linkedin.com/jobs/view/shell-assessed-internship-program-2026-china-at-shell-4377669985?position=7&pageNum=0&refId=KBq0psmaeqC%2BATc8uu8vlw%3D%3D&trackingId=QNrCziLk5tWgnT0iwMav5g%3D%3D
Shell,Software Engineer Intern - 12 month Industry Placement,Roku,https://uk.linkedin.com/jobs/view/software-engineer-intern-12-month-industry-placement-at-roku-4391564515?position=8&pageNum=0&refId=KBq0psmaeqC%2BATc8uu8vlw%3D%3D&trackingId=%2Ba6DhPbD8faL9uZbbzHn2w%3D%3D
Shell,Supply Chain Intern,Shell,https://my.linkedin.com/jobs/view/supply-chain-intern-at-shell-4371105834?position=9&pageNum=0&refId=KBq0psmaeqC%2BATc8uu8vlw%3D%3D&trackingId=Jvay8pHc%2BeqbO%2Brm4jYaow%3D%3D
Shell,"Intern, Software Developer",HealthStream,https://www.linkedin.com/jobs/view/intern-software-developer-at-healthstream-4400650670?position=10&pageNum=0&refId=KBq0psmaeqC%2BATc8uu8vlw%3D%3D&trackingId=eW7anNobXpstlEnBPAPutw%3D%3D
Shell,Internship,TalaKunchi Networks Pvt Ltd,https://in.linkedin.com/jobs/view/internship-at-talakunchi-networks-pvt-ltd-4311219042?position=12&pageNum=0&refId=KBq0psmaeqC%2BATc8uu8vlw%3D%3D&trackingId=R8pDnNEFLqp%2BQrm2K6Bxhw%3D%3D
Shell,Software Development Intern,Fortinet,https://www.linkedin.com/jobs/view/software-development-intern-at-fortinet-4399409571?position=14&pageNum=0&refId=KBq0psmaeqC%2BATc8uu8vlw%3D%3D&trackingId=CXPNY9OlSxuA%2FrrP4uIBsg%3D%3D
Shell,Intern - Software Application Development,Coherent Corp.,https://www.linkedin.com/jobs/view/intern-software-application-development-at-coherent-corp-4383025727?position=15&pageNum=0&refId=KBq0psmaeqC%2BATc8uu8vlw%3D%3D&trackingId=N5KyKnZ7NM%2BmBrNjNlpvrQ%3D%3D
Shell,Shell Assessed Internship Program 2026 - China,Shell,https://cn.linkedin.com/jobs/view/shell-assessed-internship-program-2026-china-at-shell-4377684287?position=16&pageNum=0&refId=KBq0psmaeqC%2BATc8uu8vlw%3D%3D&trackingId=pljphR4PpnFRZWhYgCoYPw%3D%3D
Shell,Linux Engineer Internship in Dehradun,VIZON,https://in.linkedin.com/jobs/view/linux-engineer-internship-in-dehradun-at-vizon-4393989536?position=17&pageNum=0&refId=KBq0psmaeqC%2BATc8uu8vlw%3D%3D&trackingId=%2BdkzrJMWCA14VNuJyBXzYg%3D%3D
Shell,"Full-stack Developer, 2022 Internship",Sapientia Technologies Limited,https://hk.linkedin.com/jobs/view/full-stack-developer-2022-internship-at-sapientia-technologies-limited-4307524709?position=18&pageNum=0&refId=KBq0psmaeqC%2BATc8uu8vlw%3D%3D&trackingId=zhTvBFIlSW%2F4yESEshpwCQ%3D%3D
Shell,Python Systems Engineer Internship in Bangalore,Technoculture Research,https://in.linkedin.com/jobs/view/python-systems-engineer-internship-in-bangalore-at-technoculture-research-4398956336?position=19&pageNum=0&refId=KBq0psmaeqC%2BATc8uu8vlw%3D%3D&trackingId=ao8wJmAnnuT2E2YezDOFiA%3D%3D
Shell,Engineer - Intern,Shell,https://my.linkedin.com/jobs/view/engineer-intern-at-shell-4371747852?position=20&pageNum=0&refId=KBq0psmaeqC%2BATc8uu8vlw%3D%3D&trackingId=bPWz0H8zpbnxmBMEZ97XNQ%3D%3D
Shell,DevOps Engineer Internship in Mumbai,DigiPlus IT,https://in.linkedin.com/jobs/view/devops-engineer-internship-in-mumbai-at-digiplus-it-4399913336?position=21&pageNum=0&refId=KBq0psmaeqC%2BATc8uu8vlw%3D%3D&trackingId=qbW7EgwmzyvwesIlXXm1GQ%3D%3D
Shell,Backend Development Intern,Tencent,https://sg.linkedin.com/jobs/view/backend-development-intern-at-tencent-4388576353?position=22&pageNum=0&refId=KBq0psmaeqC%2BATc8uu8vlw%3D%3D&trackingId=NPqoLO0H4x2skkpBOoXXdA%3D%3D
Shell,Cyber Security - Intern,xIoTz Private Limited,https://in.linkedin.com/jobs/view/cyber-security-intern-at-xiotz-private-limited-4330243402?position=23&pageNum=0&refId=KBq0psmaeqC%2BATc8uu8vlw%3D%3D&trackingId=AIWrlA5ZJtfZ9oQ8vWVXEA%3D%3D
Shell,Network Data & Space Planning Intern,Shell,https://my.linkedin.com/jobs/view/network-data-space-planning-intern-at-shell-4370230819?position=24&pageNum=0&refId=KBq0psmaeqC%2BATc8uu8vlw%3D%3D&trackingId=1o032j%2BTrI44EbVP02zwLA%3D%3D
Shell,R&D Software Engineering Internship,Keysight Technologies,https://www.linkedin.com/jobs/view/r-d-software-engineering-internship-at-keysight-technologies-4337717767?position=25&pageNum=0&refId=KBq0psmaeqC%2BATc8uu8vlw%3D%3D&trackingId=Td4%2Fq4XeMtz9sMEk2NVWAg%3D%3D
Shell,Shell Assessed Internship Programme 2026 - Netherlands,Shell,https://nl.linkedin.com/jobs/view/shell-assessed-internship-programme-2026-netherlands-at-shell-4314250406?position=26&pageNum=0&refId=KBq0psmaeqC%2BATc8uu8vlw%3D%3D&trackingId=fN8XUi3HtnAAMJBZ%2B2UA4Q%3D%3D
Shell,Machine Learning Engineer Intern - Global E-Commerce Content Recommendation - 2026 Summer (BS/MS),TikTok,https://www.linkedin.com/jobs/view/machine-learning-engineer-intern-global-e-commerce-content-recommendation-2026-summer-bs-ms-at-tiktok-4273280546?position=27&pageNum=0&refId=KBq0psmaeqC%2BATc8uu8vlw%3D%3D&trackingId=eqaMsET9NRsMzdTvUTXPoQ%3D%3D
Shell,IT Intern,Exus Renewables North America,https://www.linkedin.com/jobs/view/it-intern-at-exus-renewables-north-america-4376322207?position=28&pageNum=0&refId=KBq0psmaeqC%2BATc8uu8vlw%3D%3D&trackingId=dmqxP9f0qJjWttkuNEauDA%3D%3D
Shell,"Software Engineering Intern, Embedded Platforms - Summer 2026",Rivian and Volkswagen Group Technologies,https://www.linkedin.com/jobs/view/software-engineering-intern-embedded-platforms-summer-2026-at-rivian-and-volkswagen-group-technologies-4344855106?position=30&pageNum=0&refId=KBq0psmaeqC%2BATc8uu8vlw%3D%3D&trackingId=BL82RbuMWWOpnjQtsGszNw%3D%3D
Shell,2026 Summer Internship - AI Engineer,DV Trading LLC,https://www.linkedin.com/jobs/view/2026-summer-internship-ai-engineer-at-dv-trading-llc-4390633297?position=31&pageNum=0&refId=KBq0psmaeqC%2BATc8uu8vlw%3D%3D&trackingId=%2FeGoaSxmaJMAzKkeuz68Tg%3D%3D
Shell,Internship - Software Engineering - ML (H/F),Withings,https://fr.linkedin.com/jobs/view/internship-software-engineering-ml-h-f-at-withings-4374790445?position=32&pageNum=0&refId=KBq0psmaeqC%2BATc8uu8vlw%3D%3D&trackingId=DhFd0pGkgfu4ezbXwnZWGw%3D%3D
Shell,Material Science Intern,C-Cube International,https://nl.linkedin.com/jobs/view/material-science-intern-at-c-cube-international-4393020262?position=33&pageNum=0&refId=KBq0psmaeqC%2BATc8uu8vlw%3D%3D&trackingId=HtSHsuz3qLzSCsq0o5IVaQ%3D%3D
Shell,Shell Assessed Internship Programme 2026 - Netherlands,Shell,https://nl.linkedin.com/jobs/view/shell-assessed-internship-programme-2026-netherlands-at-shell-4314246467?position=34&pageNum=0&refId=KBq0psmaeqC%2BATc8uu8vlw%3D%3D&trackingId=%2FbWi6nOtTC%2Bi%2BwVoBDrYAw%3D%3D
Shell,Internship - Data Reporting & Analysis (PMO),U Mobile,https://my.linkedin.com/jobs/view/internship-data-reporting-analysis-pmo-at-u-mobile-4390924699?position=35&pageNum=0&refId=KBq0psmaeqC%2BATc8uu8vlw%3D%3D&trackingId=Ks9o9JCdwIReZwacOGwgjQ%3D%3D
Shell,Walkin Drive - Intern (Site Reliability Engineer - SRE),Zycus,https://in.linkedin.com/jobs/view/walkin-drive-intern-site-reliability-engineer-sre-at-zycus-4401037542?position=36&pageNum=0&refId=KBq0psmaeqC%2BATc8uu8vlw%3D%3D&trackingId=hQocqLtJfbHRvf%2BzKKDqHQ%3D%3D
Shell,"Software Engineer, Tooling (Internship)",Woven by Toyota,https://www.linkedin.com/jobs/view/software-engineer-tooling-internship-at-woven-by-toyota-4352405478?position=37&pageNum=0&refId=KBq0psmaeqC%2BATc8uu8vlw%3D%3D&trackingId=4g3pXpvyumJN03L4M4389g%3D%3D
Shell,Lab Assistant Intern,C-Cube International,https://nl.linkedin.com/jobs/view/lab-assistant-intern-at-c-cube-international-4396068620?position=38&pageNum=0&refId=KBq0psmaeqC%2BATc8uu8vlw%3D%3D&trackingId=Fk5eMRSACT1bs5y%2B8SMnvw%3D%3D
Shell,2026 Summer Internship - DevOps Engineer,DV Trading LLC,https://www.linkedin.com/jobs/view/2026-summer-internship-devops-engineer-at-dv-trading-llc-4389972054?position=39&pageNum=0&refId=KBq0psmaeqC%2BATc8uu8vlw%3D%3D&trackingId=ZF%2FFnWpnhUYMadPa9JGPvQ%3D%3D
Shell,Full Stack Intern,xIoTz Private Limited,https://in.linkedin.com/jobs/view/full-stack-intern-at-xiotz-private-limited-4330263043?position=40&pageNum=0&refId=KBq0psmaeqC%2BATc8uu8vlw%3D%3D&trackingId=BTf7pIClmyFGNex0wZ8O6g%3D%3D
Shell,"Software Engineering Intern, Embedded Platforms - Summer 2026",Rivian and Volkswagen Group Technologies,https://www.linkedin.com/jobs/view/software-engineering-intern-embedded-platforms-summer-2026-at-rivian-and-volkswagen-group-technologies-4344897658?position=41&pageNum=0&refId=KBq0psmaeqC%2BATc8uu8vlw%3D%3D&trackingId=PkI6IHBCh2KkDuVC0Uavaw%3D%3D
Shell,"System Development Engineer Intern, Sydney",Amazon,https://au.linkedin.com/jobs/view/system-development-engineer-intern-sydney-at-amazon-4390839073?position=42&pageNum=0&refId=KBq0psmaeqC%2BATc8uu8vlw%3D%3D&trackingId=6D0kMFf8LuuHB640w5Sa6w%3D%3D
Shell,Machine Learning Engineer Intern - Global E-Commerce Content Recommendation - 2026 Summer (BS/MS),TikTok,https://www.linkedin.com/jobs/view/machine-learning-engineer-intern-global-e-commerce-content-recommendation-2026-summer-bs-ms-at-tiktok-4397509379?position=43&pageNum=0&refId=KBq0psmaeqC%2BATc8uu8vlw%3D%3D&trackingId=rCg5Mw3bSLSdU6z5mcNYwg%3D%3D
Shell,SUMMER INTERNSHIP - Software & Data Engineering Intern,CableLabs,https://www.linkedin.com/jobs/view/summer-internship-software-data-engineering-intern-at-cablelabs-4360074977?position=44&pageNum=0&refId=KBq0psmaeqC%2BATc8uu8vlw%3D%3D&trackingId=cvPVoE4%2Bm5RCKzs1NCLGXw%3D%3D
Shell,Engineering Intern (Linux/Java),凯易讯网络技术开发(南京)有限公司,https://cn.linkedin.com/jobs/view/engineering-intern-linux-java-at-%E5%87%AF%E6%98%93%E8%AE%AF%E7%BD%91%E7%BB%9C%E6%8A%80%E6%9C%AF%E5%BC%80%E5%8F%91-%E5%8D%97%E4%BA%AC-%E6%9C%89%E9%99%90%E5%85%AC%E5%8F%B8-4349471983?position=46&pageNum=0&refId=KBq0psmaeqC%2BATc8uu8vlw%3D%3D&trackingId=mUPyDCpjT2axRsVmC1TSFw%3D%3D
Shell,Shell Assessed Internship Programme 2026 - Netherlands,Shell,https://nl.linkedin.com/jobs/view/shell-assessed-internship-programme-2026-netherlands-at-shell-4314249435?position=47&pageNum=0&refId=KBq0psmaeqC%2BATc8uu8vlw%3D%3D&trackingId=dB5zACWKeSPgrbXxXboMBg%3D%3D
Shell,Shell Assessed Internship Programme 2026 - Netherlands,Shell,https://nl.linkedin.com/jobs/view/shell-assessed-internship-programme-2026-netherlands-at-shell-4314264074?position=48&pageNum=0&refId=KBq0psmaeqC%2BATc8uu8vlw%3D%3D&trackingId=b5p7VUjL2Z6W7oC5bmCT7Q%3D%3D
Shell,Electrical Engineering Intern,C-Cube International,https://nl.linkedin.com/jobs/view/electrical-engineering-intern-at-c-cube-international-4376704284?position=49&pageNum=0&refId=KBq0psmaeqC%2BATc8uu8vlw%3D%3D&trackingId=bgJ%2FNwPmXNynD8NhO%2Bq4fg%3D%3D
Shell,(General Hire) Machine Learning Engineer Intern (TikTok- Video Recommendation) - 2026 Summer (BS/MS),TikTok,https://www.linkedin.com/jobs/view/general-hire-machine-learning-engineer-intern-tiktok-video-recommendation-2026-summer-bs-ms-at-tiktok-4344815482?position=50&pageNum=0&refId=KBq0psmaeqC%2BATc8uu8vlw%3D%3D&trackingId=gnhQx0%2Bi8cfZiG0TJiHj7w%3D%3D
Shell,ZAIN2120 - Database Administration Intern,Zain Jordan,https://jo.linkedin.com/jobs/view/zain2120-database-administration-intern-at-zain-jordan-4393567994?position=51&pageNum=0&refId=KBq0psmaeqC%2BATc8uu8vlw%3D%3D&trackingId=d9VMkT9SuYkmbKGYn3V4Eg%3D%3D
Shell,Geoscience Intern,Shell,https://my.linkedin.com/jobs/view/geoscience-intern-at-shell-4398105781?position=52&pageNum=0&refId=KBq0psmaeqC%2BATc8uu8vlw%3D%3D&trackingId=ycv0WhEsFzMxEud1HOaUVw%3D%3D
Shell,Mechanical Engineering Intern,C-Cube International,https://nl.linkedin.com/jobs/view/mechanical-engineering-intern-at-c-cube-international-4376709068?position=53&pageNum=0&refId=KBq0psmaeqC%2BATc8uu8vlw%3D%3D&trackingId=gscbkrw%2BmrSYzsy5tyB9tQ%3D%3D
Shell,Quantitative Research Intern,WorldQuant,https://sg.linkedin.com/jobs/view/quantitative-research-intern-at-worldquant-4285615925?position=54&pageNum=0&refId=KBq0psmaeqC%2BATc8uu8vlw%3D%3D&trackingId=hIY9FVBv1PZufxPWs7tawg%3D%3D
Shell,"DevOps Engineer Intern (Linux Docker, Kubernetes)",SkillFied Mentor,https://in.linkedin.com/jobs/view/devops-engineer-intern-linux-docker-kubernetes-at-skillfied-mentor-4393586336?position=55&pageNum=0&refId=KBq0psmaeqC%2BATc8uu8vlw%3D%3D&trackingId=k3Ro3AM5t1vVwwyUWm94EQ%3D%3D
Shell,Data Analytics Intern,C-Cube International,https://nl.linkedin.com/jobs/view/data-analytics-intern-at-c-cube-international-4388973329?position=56&pageNum=0&refId=KBq0psmaeqC%2BATc8uu8vlw%3D%3D&trackingId=7ZDNEn80vJ%2Fg8JEMwVxyOg%3D%3D
Shell,Working Internship – Sustainability Strategy & Consulting,Accenture the Netherlands,https://nl.linkedin.com/jobs/view/working-internship-%E2%80%93-sustainability-strategy-consulting-at-accenture-the-netherlands-4397633142?position=57&pageNum=0&refId=KBq0psmaeqC%2BATc8uu8vlw%3D%3D&trackingId=q5kKRPgxm%2FlF5lJfVPFmrg%3D%3D
Shell,Shell Assessed Internship Programme 2026 - Netherlands,Shell,https://nl.linkedin.com/jobs/view/shell-assessed-internship-programme-2026-netherlands-at-shell-4314250407?position=59&pageNum=0&refId=KBq0psmaeqC%2BATc8uu8vlw%3D%3D&trackingId=Hvg%2FRcc%2FC8v0Y0UKWus38A%3D%3D
Shell,Data Engineering Intern - Summer 2026,Brown and Caldwell,https://www.linkedin.com/jobs/view/data-engineering-intern-summer-2026-at-brown-and-caldwell-4387996261?position=60&pageNum=0&refId=KBq0psmaeqC%2BATc8uu8vlw%3D%3D&trackingId=PubnG6KFf%2Bf1nL5VHJSzGg%3D%3D
BP,Data Science Intern,Lightsource bp,https://uk.linkedin.com/jobs/view/data-science-intern-at-lightsource-bp-4392862447?position=1&pageNum=0&refId=CsNdc8W9aqKxYdJTgcshYA%3D%3D&trackingId=vko1J0H4HUg%2FanARYYAq9Q%3D%3D
BP,Marketing Analyst internship (12-month program),bp,https://gh.linkedin.com/jobs/view/marketing-analyst-internship-12-month-program-at-bp-4399000317?position=2&pageNum=0&refId=CsNdc8W9aqKxYdJTgcshYA%3D%3D&trackingId=LDTKnhykYJrgPTvUG0TdAQ%3D%3D
BP,Intern,Lightsource bp,https://www.linkedin.com/jobs/view/intern-at-lightsource-bp-4399634758?position=5&pageNum=0&refId=CsNdc8W9aqKxYdJTgcshYA%3D%3D&trackingId=21rhgiIyFL3EzrLRmK7yrw%3D%3D
BP,Commercial Engineering Intern,Lightsource bp,https://es.linkedin.com/jobs/view/commercial-engineering-intern-at-lightsource-bp-4390760400?position=6&pageNum=0&refId=CsNdc8W9aqKxYdJTgcshYA%3D%3D&trackingId=DsUiamyV7h%2BtF3lhIq03WQ%3D%3D
BP,Transformation Management Office (TMO) Intern,Lightsource bp,https://uk.linkedin.com/jobs/view/transformation-management-office-tmo-intern-at-lightsource-bp-4393405776?position=7&pageNum=0&refId=CsNdc8W9aqKxYdJTgcshYA%3D%3D&trackingId=0bL5XVtk7vCTTj0cNtuaAg%3D%3D
BP,HRBP Internship,Continental,https://my.linkedin.com/jobs/view/hrbp-internship-at-continental-4394355711?position=8&pageNum=0&refId=CsNdc8W9aqKxYdJTgcshYA%3D%3D&trackingId=gM%2BR%2B8w8mnPX9%2FNtcpDA%2BA%3D%3D
BP,Summer Internship - Commercial Programme - Australia 2027,bp,https://au.linkedin.com/jobs/view/summer-internship-commercial-programme-australia-2027-at-bp-4385484215?position=9&pageNum=0&refId=CsNdc8W9aqKxYdJTgcshYA%3D%3D&trackingId=X5uuT%2BDAAmpsALFwZvoOmA%3D%3D
BP,Internship - HR BP & Talent Acquisition (M/F),Banque Internationale à Luxembourg (BIL),https://lu.linkedin.com/jobs/view/internship-hr-bp-talent-acquisition-m-f-at-banque-internationale-%C3%A0-luxembourg-bil-4401704208?position=10&pageNum=0&refId=CsNdc8W9aqKxYdJTgcshYA%3D%3D&trackingId=OcPgpGI7S0WUFvMglUQrPw%3D%3D
BP,Indirect Procurement Intern,Lightsource bp,https://es.linkedin.com/jobs/view/indirect-procurement-intern-at-lightsource-bp-4399602358?position=11&pageNum=0&refId=CsNdc8W9aqKxYdJTgcshYA%3D%3D&trackingId=NiPurSej9bpr6GTTmS6WBw%3D%3D
BP,Community Engagement Intern,Lightsource bp,https://es.linkedin.com/jobs/view/community-engagement-intern-at-lightsource-bp-4390753890?position=12&pageNum=0&refId=CsNdc8W9aqKxYdJTgcshYA%3D%3D&trackingId=7Bw9INv319ucUJU34gKmsA%3D%3D
BP,Commercial Analyst intern (m/f/d),Deezer,https://fr.linkedin.com/jobs/view/commercial-analyst-intern-m-f-d-at-deezer-4398482787?position=13&pageNum=0&refId=CsNdc8W9aqKxYdJTgcshYA%3D%3D&trackingId=qXaggfaFm7AwgNRktXE%2F1Q%3D%3D
BP,"Summer Internship - Supply, Trading & Shipping Programme - Australia 2027",bp,https://au.linkedin.com/jobs/view/summer-internship-supply-trading-shipping-programme-australia-2027-at-bp-4385486134?position=14&pageNum=0&refId=CsNdc8W9aqKxYdJTgcshYA%3D%3D&trackingId=fzb4Qd6r2HfvWPmICZKrYA%3D%3D
BP,HR Intern - HR BP & People Analytics (6 months fixed term),Vodafone,https://it.linkedin.com/jobs/view/hr-intern-hr-bp-people-analytics-6-months-fixed-term-at-vodafone-4398467287?position=15&pageNum=0&refId=CsNdc8W9aqKxYdJTgcshYA%3D%3D&trackingId=vrbikuumqYgUQUJ1L0CXUw%3D%3D
BP,Global Quality Intern,Lightsource bp,https://www.linkedin.com/jobs/view/global-quality-intern-at-lightsource-bp-4395447570?position=16&pageNum=0&refId=CsNdc8W9aqKxYdJTgcshYA%3D%3D&trackingId=PnYHsnSf7pRueyqkUzxkcg%3D%3D
BP,Data Engineer Intern (Data Platfrom TikTok BP) - 2026 Summer (BS/MS),TikTok,https://www.linkedin.com/jobs/view/data-engineer-intern-data-platfrom-tiktok-bp-2026-summer-bs-ms-at-tiktok-4280000003?position=17&pageNum=0&refId=CsNdc8W9aqKxYdJTgcshYA%3D%3D&trackingId=iYv6tWhZwGVR6p6j6CTyhQ%3D%3D
BP,HR 6 Month Internship,The Citco Group Limited,https://lu.linkedin.com/jobs/view/hr-6-month-internship-at-the-citco-group-limited-4378928415?position=18&pageNum=0&refId=CsNdc8W9aqKxYdJTgcshYA%3D%3D&trackingId=ZG58OuJpo9W9vEziiYayqA%3D%3D
BP,Fall Engineering Internship,Mantel,https://www.linkedin.com/jobs/view/fall-engineering-internship-at-mantel-4395902216?position=21&pageNum=0&refId=CsNdc8W9aqKxYdJTgcshYA%3D%3D&trackingId=jlTELXHAeKXIyCFzXgDryQ%3D%3D
BP,Financial BP Project Intern (TTLIVE) - 2026 Start (BS/MS),TikTok,https://uk.linkedin.com/jobs/view/financial-bp-project-intern-ttlive-2026-start-bs-ms-at-tiktok-4379669382?position=22&pageNum=0&refId=CsNdc8W9aqKxYdJTgcshYA%3D%3D&trackingId=75Zkb8rdo88z2ZoeGRDG6w%3D%3D
BP,HR Global Mobility Internship,JERA Nex bp,https://be.linkedin.com/jobs/view/hr-global-mobility-internship-at-jera-nex-bp-4376574817?position=24&pageNum=0&refId=CsNdc8W9aqKxYdJTgcshYA%3D%3D&trackingId=8PdVnE9aoMc87M1ipPCnuA%3D%3D
BP,Vintage Fashion Operations and Costumer Service Internship - BOAS,BOAS | Save Fashion For Good,https://nl.linkedin.com/jobs/view/vintage-fashion-operations-and-costumer-service-internship-boas-at-boas-save-fashion-for-good-4386685446?position=26&pageNum=0&refId=CsNdc8W9aqKxYdJTgcshYA%3D%3D&trackingId=jIOu%2BT9rVeYVHJwWlWflSA%3D%3D
BP,Internship in Accounting and Finance 2025,ACCA Careers,https://my.linkedin.com/jobs/view/internship-in-accounting-and-finance-2025-at-acca-careers-4387949374?position=27&pageNum=0&refId=CsNdc8W9aqKxYdJTgcshYA%3D%3D&trackingId=utHqxeFiGXVvdQfBKZ7kcw%3D%3D
BP,Internship: Finance Intern,ACCA Careers,https://es.linkedin.com/jobs/view/internship-finance-intern-at-acca-careers-4396596116?position=28&pageNum=0&refId=CsNdc8W9aqKxYdJTgcshYA%3D%3D&trackingId=KvBUI2meQfYhxYsrV5MGPQ%3D%3D
BP,Engineerig Admin Intern,Marriott International,https://ma.linkedin.com/jobs/view/engineerig-admin-intern-at-marriott-international-4401185100?position=29&pageNum=0&refId=CsNdc8W9aqKxYdJTgcshYA%3D%3D&trackingId=XuwbJNNOE9afiSBTbFO5Hw%3D%3D
BP,HV Engineering Intern,Lightsource bp,https://es.linkedin.com/jobs/view/hv-engineering-intern-at-lightsource-bp-4401875571?position=30&pageNum=0&refId=CsNdc8W9aqKxYdJTgcshYA%3D%3D&trackingId=zir09bCyUOOWzrppqZUWwg%3D%3D
BP,Legal Intern,Plug and Play Tech Center,https://es.linkedin.com/jobs/view/legal-intern-at-plug-and-play-tech-center-4401130176?position=32&pageNum=0&refId=CsNdc8W9aqKxYdJTgcshYA%3D%3D&trackingId=37foiUL526pOB0phLhOzLg%3D%3D
BP,Finance Intern,ENGIE - International Supply & Energy Management,https://es.linkedin.com/jobs/view/finance-intern-at-engie-international-supply-energy-management-4390940454?position=33&pageNum=0&refId=CsNdc8W9aqKxYdJTgcshYA%3D%3D&trackingId=xABSO755aWRrzyG1nL4heQ%3D%3D
BP,Internship: Finance Intern,Philips,https://es.linkedin.com/jobs/view/internship-finance-intern-at-philips-4392458007?position=35&pageNum=0&refId=CsNdc8W9aqKxYdJTgcshYA%3D%3D&trackingId=gNuZoXB83a%2BtWFGo44QOug%3D%3D
BP,PV Mounting Structures Intern,Lightsource bp,https://es.linkedin.com/jobs/view/pv-mounting-structures-intern-at-lightsource-bp-4395964927?position=36&pageNum=0&refId=CsNdc8W9aqKxYdJTgcshYA%3D%3D&trackingId=3CWLMxZeYtV%2F3ajwEJHWkg%3D%3D
BP,Intern_ Energy Transition Analyst,ENGIE North America Inc.,https://www.linkedin.com/jobs/view/intern-energy-transition-analyst-at-engie-north-america-inc-4399831177?position=38&pageNum=0&refId=CsNdc8W9aqKxYdJTgcshYA%3D%3D&trackingId=TZOHwiqFh7bX8E1ZlmBfMA%3D%3D
BP,Internship: Graphic Design,ENGIE Belgium,https://be.linkedin.com/jobs/view/internship-graphic-design-at-engie-belgium-4402927264?position=39&pageNum=0&refId=CsNdc8W9aqKxYdJTgcshYA%3D%3D&trackingId=ctJUP%2B3yQu53p%2FDW6xpfvg%3D%3D
BP,Medical Assistant Intern: Front Office - 5163,Community Health Resources,https://www.linkedin.com/jobs/view/medical-assistant-intern-front-office-5163-at-community-health-resources-3913321894?position=40&pageNum=0&refId=CsNdc8W9aqKxYdJTgcshYA%3D%3D&trackingId=36UY1cP4g59oW48uwGfMtA%3D%3D
BP,Internship: Graphic Design,ENGIE Belgium,https://be.linkedin.com/jobs/view/internship-graphic-design-at-engie-belgium-4402926305?position=41&pageNum=0&refId=CsNdc8W9aqKxYdJTgcshYA%3D%3D&trackingId=Kbu3PUDTq9OgO04F3wTDxA%3D%3D
BP,Internship: Graphic Design,ENGIE Belgium,https://be.linkedin.com/jobs/view/internship-graphic-design-at-engie-belgium-4402935138?position=42&pageNum=0&refId=CsNdc8W9aqKxYdJTgcshYA%3D%3D&trackingId=eLe93qYDmKkvu%2Fps1xDnZw%3D%3D
BP,Future Club Venezuela 2026 - Sales Internship,IBM,https://ve.linkedin.com/jobs/view/future-club-venezuela-2026-sales-internship-at-ibm-4386644570?position=43&pageNum=0&refId=CsNdc8W9aqKxYdJTgcshYA%3D%3D&trackingId=Ds%2FKKB2iIwWorobZkQ5C3Q%3D%3D
BP,"Data Warehouse Engineer Intern (Data Platform, TikTok Live) - 2026 Start (BS/MS)",TikTok,https://sg.linkedin.com/jobs/view/data-warehouse-engineer-intern-data-platform-tiktok-live-2026-start-bs-ms-at-tiktok-4273230241?position=44&pageNum=0&refId=CsNdc8W9aqKxYdJTgcshYA%3D%3D&trackingId=i0Hy7%2FZ%2B9ijDQr2%2FriZeeg%3D%3D
BP,Customer Success Business partner intern,DiDi,https://co.linkedin.com/jobs/view/customer-success-business-partner-intern-at-didi-4402075307?position=47&pageNum=0&refId=CsNdc8W9aqKxYdJTgcshYA%3D%3D&trackingId=YgeLEJoMS59c2O%2BCGMVxoQ%3D%3D
BP,Research Intern - Quantum Error Correction,Microsoft,https://www.linkedin.com/jobs/view/research-intern-quantum-error-correction-at-microsoft-4345260487?position=48&pageNum=0&refId=CsNdc8W9aqKxYdJTgcshYA%3D%3D&trackingId=oFiFzbvaKecyZ05%2B0mtl3A%3D%3D
BP,Intern_ Cash Application Analyst,ENGIE North America Inc.,https://www.linkedin.com/jobs/view/intern-cash-application-analyst-at-engie-north-america-inc-4384596243?position=49&pageNum=0&refId=CsNdc8W9aqKxYdJTgcshYA%3D%3D&trackingId=BBa0ZVELyE3nAsb%2Fm5qr%2FA%3D%3D
BP,Granular Mechanics and Regolith Operations Internship,Astrion,https://www.linkedin.com/jobs/view/granular-mechanics-and-regolith-operations-internship-at-astrion-4396361279?position=51&pageNum=0&refId=CsNdc8W9aqKxYdJTgcshYA%3D%3D&trackingId=SYX0ULroXz%2BntJgrXDUcsA%3D%3D
BP,Intern_Financial Planning and Analysis Specialist,ENGIE North America Inc.,https://www.linkedin.com/jobs/view/intern-financial-planning-and-analysis-specialist-at-engie-north-america-inc-4394988104?position=53&pageNum=0&refId=CsNdc8W9aqKxYdJTgcshYA%3D%3D&trackingId=rBG54e2hmMA7oCNRVdfLKw%3D%3D
BP,Intern_PTIN5C,ENGIE North America Inc.,https://www.linkedin.com/jobs/view/intern-ptin5c-at-engie-north-america-inc-4397318467?position=55&pageNum=0&refId=CsNdc8W9aqKxYdJTgcshYA%3D%3D&trackingId=%2FIaxwaOyLW9eHJ690cGfsA%3D%3D
BP,Intern_PTIN5C,ENGIE North America Inc.,https://www.linkedin.com/jobs/view/intern-ptin5c-at-engie-north-america-inc-4393217315?position=56&pageNum=0&refId=CsNdc8W9aqKxYdJTgcshYA%3D%3D&trackingId=vhiYSa%2BRqhxVPnFYl9SDIg%3D%3D
RELX,Data Analyst internship,RELX,https://fr.linkedin.com/jobs/view/data-analyst-internship-at-relx-4387313911?position=1&pageNum=0&refId=jDzhgSWImXQe3sWnXzz3Aw%3D%3D&trackingId=0bmHtQShYFgn9%2FclgYOHdg%3D%3D
RELX,Data Analyst internship,ICIS,https://fr.linkedin.com/jobs/view/data-analyst-internship-at-icis-4395970464?position=2&pageNum=0&refId=jDzhgSWImXQe3sWnXzz3Aw%3D%3D&trackingId=gZqCQYaDkxh7irxudMHMgw%3D%3D
Sage,PRADA - CLIENT COORDINATOR INTERN MONACO - H/F,Prada Group,https://mc.linkedin.com/jobs/view/prada-client-coordinator-intern-monaco-h-f-at-prada-group-4402136436?position=12&pageNum=0&refId=Fveq%2BZ0UoFiMv8Tj47KwaQ%3D%3D&trackingId=%2B2GnePZwXqM%2B5FvYP6cc5Q%3D%3D
Sage,Human Resources Intern,PPHC,https://www.linkedin.com/jobs/view/human-resources-intern-at-pphc-4402971919?position=14&pageNum=0&refId=Fveq%2BZ0UoFiMv8Tj47KwaQ%3D%3D&trackingId=e7H%2B2sSDC8%2BsP7Onao%2BovA%3D%3D
Sage,Venture Capital Intern,Healthcare Shares,https://www.linkedin.com/jobs/view/venture-capital-intern-at-healthcare-shares-4400422618?position=33&pageNum=0&refId=Fveq%2BZ0UoFiMv8Tj47KwaQ%3D%3D&trackingId=KskDR5my3SYQY%2BHUNknKtQ%3D%3D
Sage,Agile Scrum Master Internship - Remote,Marketeq Talent,https://www.linkedin.com/jobs/view/agile-scrum-master-internship-remote-at-marketeq-talent-4402140285?position=37&pageNum=0&refId=Fveq%2BZ0UoFiMv8Tj47KwaQ%3D%3D&trackingId=9aT6QRoQKr7Pll6VC%2F2Xlw%3D%3D
Sage,Brand Management Internship,EssilorLuxottica,https://it.linkedin.com/jobs/view/brand-management-internship-at-essilorluxottica-4402136234?position=39&pageNum=0&refId=Fveq%2BZ0UoFiMv8Tj47KwaQ%3D%3D&trackingId=IqHKK%2B5wyvcRZ1XkMUPyAQ%3D%3D
Sage,Frontend engineer intern,GenPark,https://www.linkedin.com/jobs/view/frontend-engineer-intern-at-genpark-4402133893?position=40&pageNum=0&refId=Fveq%2BZ0UoFiMv8Tj47KwaQ%3D%3D&trackingId=t%2FqtFFU9nyompIwXSxpv2A%3D%3D
Sage,Business Program Management: Fall Co-Op Internship Opportunities,Microsoft,https://ca.linkedin.com/jobs/view/business-program-management-fall-co-op-internship-opportunities-at-microsoft-4402945875?position=42&pageNum=0&refId=Fveq%2BZ0UoFiMv8Tj47KwaQ%3D%3D&trackingId=gebPAU1kLGWUAkICIZudxw%3D%3D
Sage,"Front End Developer Intern (HTML, CSS, JavaScript, React)",ArGo Intern,https://in.linkedin.com/jobs/view/front-end-developer-intern-html-css-javascript-react-at-argo-intern-4402123952?position=50&pageNum=0&refId=Fveq%2BZ0UoFiMv8Tj47KwaQ%3D%3D&trackingId=ZDgwC3u0ZPM%2BltdKX9KzCw%3D%3D
Sage,Partner Marketing: Fall Co-Op Internship Opportunities,Microsoft,https://ca.linkedin.com/jobs/view/partner-marketing-fall-co-op-internship-opportunities-at-microsoft-4402939952?position=52&pageNum=0&refId=Fveq%2BZ0UoFiMv8Tj47KwaQ%3D%3D&trackingId=rzpWrWg2sMeUCx1nPWFW4g%3D%3D
Sage,Talent Acquisition Intern,EssilorLuxottica,https://sg.linkedin.com/jobs/view/talent-acquisition-intern-at-essilorluxottica-4402122975?position=55&pageNum=0&refId=Fveq%2BZ0UoFiMv8Tj47KwaQ%3D%3D&trackingId=DST%2FWL%2FfogvXuG5xwMQ0jA%3D%3D
