company,title,location,link
HSBC,international wealth and premier banking,Check link,https://www.hsbc.com/careers/our-business-areas-and-teams/international-wealth-and-premier-banking
Barclays,international bank,Check link,https://international.barclays.com/
AstraZeneca,international,Check link,https://careers.astrazeneca.com/international
GSK,internships and placements,Check link,https://www.gsk.com/en-gb/careers/early-careers/internships-and-placements/
GSK,fraudulent internet recruitment activities,Check link,https://www.gsk.com/en-gb/careers/how-we-hire/fraudulent-internet-recruitment-activities/
Rolls-Royce,internships & graduates,Check link,https://careers.rolls-royce.com/en/students-and-graduates/united-kingdom/internships-and-graduates
Rolls-Royce,internships & graduates,Check link,https://careers.rolls-royce.com/en/students-and-graduates/germany/internships-and-graduates
Rolls-Royce,internships & graduates,Check link,https://careers.rolls-royce.com/en/students-and-graduates/united-states/internships-and-graduates
RELX,internal controls,Check link,https://www.relx.com/investors/corporate-governance/internal-controls
LSEG,more about our graduate and internship programmes,Check link,https://www.lseg.com/en/careers/graduate-internship-programmes
