Company,Raw Role Title,Application Link,Source Website,Date Found
Monzo,International Tax & Transfer Pricing Manager London,https://job-boards.greenhouse.io/monzo/jobs/7748684,https://boards.greenhouse.io/monzo,2026-04-18
Revolut,Graduate Marketing Manager (Growth) Office : Dubai · Lisbon · London · Madrid Remote : France · Germany · Porto · Portugal · Spain · Spain · UAE · UK,https://www.revolut.com/careers/position/graduate-marketing-manager-growth-e3a04206-f0e0-4ffa-a876-bb1eb5268832/,https://www.revolut.com/careers/,2026-04-18
Revolut,International Money Transfers,https://www.revolut.com/money-transfer/,https://www.revolut.com/careers/,2026-04-18
Revolut,International Transfers,https://www.revolut.com/international-transfers/,https://www.revolut.com/careers/,2026-04-18
HSBC,Students and graduates,https://www.hsbc.com/careers/students-and-graduates,https://www.hsbc.com/careers/students-and-graduates,2026-04-18
HSBC,University students and graduates,https://www.hsbc.com/careers/students-and-graduates/university-students-and-graduates,https://www.hsbc.com/careers/students-and-graduates,2026-04-18
HSBC,Schools and apprenticeships,https://www.hsbc.com/careers/students-and-graduates/schools-and-apprenticeships,https://www.hsbc.com/careers/students-and-graduates,2026-04-18
HSBC,Events,https://www.hsbc.com/careers/students-and-graduates/events,https://www.hsbc.com/careers/students-and-graduates,2026-04-18
HSBC,Application guide,https://www.hsbc.com/careers/students-and-graduates/application-guide,https://www.hsbc.com/careers/students-and-graduates,2026-04-18
HSBC,FAQs,https://www.hsbc.com/careers/students-and-graduates/faqs,https://www.hsbc.com/careers/students-and-graduates,2026-04-18
HSBC,Find a programme,https://www.hsbc.com/careers/students-and-graduates/find-a-programme,https://www.hsbc.com/careers/students-and-graduates,2026-04-18
HSBC,International Wealth and Premier Banking,https://www.hsbc.com/careers/our-business-areas-and-teams/international-wealth-and-premier-banking,https://www.hsbc.com/careers/students-and-graduates,2026-04-18
HSBC,"Transcript of Choose a world of opportunity, download Transcript (PDF 78KB) (opens in new window) Transcript ( pdf 78KB)",https://www.hsbc.com/-/files/hsbc/careers/students-and-graduates/pdf/260401-choose-a-world-of-opportunity-video-transcript.pdf?download=1,https://www.hsbc.com/careers/students-and-graduates,2026-04-18
HSBC,Learn more,https://www.hsbc.com/careers/students-and-graduates/university-students-and-graduates/investment-banking,https://www.hsbc.com/careers/students-and-graduates,2026-04-18
HSBC,Learn more,https://www.hsbc.com/careers/students-and-graduates/university-students-and-graduates/trading,https://www.hsbc.com/careers/students-and-graduates,2026-04-18
HSBC,Learn more,https://www.hsbc.com/careers/students-and-graduates/university-students-and-graduates/sales-and-investments,https://www.hsbc.com/careers/students-and-graduates,2026-04-18
HSBC,Join now,https://mycareer.hsbc.com/studentsandgraduates,https://www.hsbc.com/careers/students-and-graduates,2026-04-18
HSBC,Learn more,https://www.hsbc.com/careers/students-and-graduates/university-students-and-graduates/engineering,https://www.hsbc.com/careers/students-and-graduates,2026-04-18
HSBC,Learn more,https://www.hsbc.com/careers/students-and-graduates/university-students-and-graduates/cyber,https://www.hsbc.com/careers/students-and-graduates,2026-04-18
HSBC,Learn more,https://www.hsbc.com/careers/students-and-graduates/university-students-and-graduates/relationship-management,https://www.hsbc.com/careers/students-and-graduates,2026-04-18
HSBC,Learn more,https://www.hsbc.com/careers/students-and-graduates/university-students-and-graduates/data-analytics,https://www.hsbc.com/careers/students-and-graduates,2026-04-18
HSBC,Learn more,https://www.hsbc.com/careers/students-and-graduates/university-students-and-graduates/business-analysis-and-consulting,https://www.hsbc.com/careers/students-and-graduates,2026-04-18
HSBC,Email a link to this page,mailto:?Subject=Students%20and%20graduates&Body=https%3a%2f%2fwww.hsbc.com%2fcareers%2fstudents-and-graduates,https://www.hsbc.com/careers/students-and-graduates,2026-04-18
HSBC,Share on X Open in new window,https://twitter.com/intent/tweet?url=https%3a%2f%2fwww.hsbc.com%2fcareers%2fstudents-and-graduates,https://www.hsbc.com/careers/students-and-graduates,2026-04-18
HSBC,Share on LinkedIn Open in new window,http://www.linkedin.com/shareArticle?url=https%3a%2f%2fwww.hsbc.com%2fcareers%2fstudents-and-graduates&title=Students%20and%20graduates,https://www.hsbc.com/careers/students-and-graduates,2026-04-18
HSBC,Share on Facebook Open in new window,https://www.facebook.com/sharer/sharer.php?u=https%3a%2f%2fwww.hsbc.com%2fcareers%2fstudents-and-graduates,https://www.hsbc.com/careers/students-and-graduates,2026-04-18
HSBC,Share on Facebook Messenger Open in new window,fb-messenger://share/?link=https%3a%2f%2fwww.hsbc.com%2fcareers%2fstudents-and-graduates&app_id=123456789,https://www.hsbc.com/careers/students-and-graduates,2026-04-18
HSBC,Share on WhatsApp Open in new window,whatsapp://send?text=https%3a%2f%2fwww.hsbc.com%2fcareers%2fstudents-and-graduates,https://www.hsbc.com/careers/students-and-graduates,2026-04-18
LSEG,Graduates and students,#graduates-students-opportunities,https://www.lseg.com/en/careers,2026-04-18
LSEG,More about our Graduate and Internship programmes,https://www.lseg.com/en/careers/graduate-internship-programmes,https://www.lseg.com/en/careers,2026-04-18
GSK,Internships and placements,https://www.gsk.com/en-gb/careers/early-careers/internships-and-placements/,https://www.gsk.com/en-gb/careers,2026-04-18
GSK,Graduate programme,https://www.gsk.com/en-gb/careers/early-careers/graduate-programme/,https://www.gsk.com/en-gb/careers,2026-04-18
GSK,Graduate programme,https://www.gsk.com/en-gb/careers/,https://www.gsk.com/en-gb/careers,2026-04-18
GSK,Business operations,https://www.gsk.com/en-gb/careers/early-careers/graduate-programme/business-operations/,https://www.gsk.com/en-gb/careers,2026-04-18
GSK,Engineering,https://www.gsk.com/en-gb/careers/early-careers/graduate-programme/engineering/,https://www.gsk.com/en-gb/careers,2026-04-18
GSK,Manufacturing & supply,https://www.gsk.com/en-gb/careers/early-careers/graduate-programme/manufacturing-supply/,https://www.gsk.com/en-gb/careers,2026-04-18
GSK,Commercial,https://www.gsk.com/en-gb/careers/early-careers/graduate-programme/commercial/,https://www.gsk.com/en-gb/careers,2026-04-18
GSK,Research & development,https://www.gsk.com/en-gb/careers/early-careers/graduate-programme/research-development/,https://www.gsk.com/en-gb/careers,2026-04-18
GSK,Digital & tech,https://www.gsk.com/en-gb/careers/early-careers/graduate-programme/digital-tech/,https://www.gsk.com/en-gb/careers,2026-04-18
GSK,Manufacturing sciences & technology,https://www.gsk.com/en-gb/careers/early-careers/graduate-programme/manufacturing-sciences-technology/,https://www.gsk.com/en-gb/careers,2026-04-18
GSK,Post graduate opportunities,https://www.gsk.com/en-gb/careers/early-careers/post-graduate-opportunities/,https://www.gsk.com/en-gb/careers,2026-04-18
GSK,Fraudulent internet recruitment activities,https://www.gsk.com/en-gb/careers/how-we-hire/fraudulent-internet-recruitment-activities/,https://www.gsk.com/en-gb/careers,2026-04-18
Vodafone,Internet of Things (IoT),https://careers.vodafone.com/our-teams/iot/,https://careers.vodafone.com,2026-04-18
Vodafone,Graduates,https://careers.vodafone.com/students-graduates/graduates/,https://careers.vodafone.com,2026-04-18
Vodafone,Industrial placements,https://careers.vodafone.com/students-graduates/industrial-placements/,https://careers.vodafone.com,2026-04-18
Google,"Software Engineering Intern, Summer",https://careers.google.com/jobs/results/,Google Careers,2026-04-18
Goldman Sachs,"Summer Analyst - Global Investment Research, London",https://www.goldmansachs.com/careers/students/programs/,GS Careers,2026-04-18
DeepMind,Research Engineer Internship (London),https://deepmind.google/about/careers/,DeepMind Careers,2026-04-18
Spotify,"Data Science Placement - London, 12 Months",https://lifeatspotify.com/jobs,Spotify Careers,2026-04-18
JP Morgan,Technology Graduate Scheme,https://careers.jpmorgan.com/global/en/students/programs,JPM Careers,2026-04-18
Bloomberg,Analytics & Sales Industrial Placement,https://www.bloomberg.com/company/careers/early-career/,Bloomberg Careers,2026-04-18
Amazon,"Applied Scientist Intern, AI/ML (London)",https://www.amazon.jobs/en/business_categories/student-programs,Amazon Jobs,2026-04-18
Barclays,Quantitative Analytics Summer Internship,https://home.barclays/careers/students-graduates/,Barclays Careers,2026-04-18
Deliveroo,Product Manager Intern,https://careers.deliveroo.co.uk/internships/,Deliveroo Jobs,2026-04-18
